<?xml version="1.0" encoding="UTF-8"?><metadata>
<idinfo>
<citation>
<citeinfo>
<origin/>
<pubdate>20110701</pubdate>
<title>Coastal Wetlands Designated for Preservation</title>
<geoform>vector digital data</geoform>
<pubinfo>
<pubplace/>
<publish>Rhode Island Coastal Resources Management Council</publish>
</pubinfo>
<othercit>Suggested bibliographic reference: RIGIS, 2014. Coastal Wetlands in Types 3, 4, 5, and 6 Waters Designated for Preservation; cstlWetPres14. Rhode Island Geographic Information System (RIGIS) Data Distribution System, URL: http://www.rigis.org, Environmental Data Center, University of Rhode Island, Kingston, Rhode Island (last date accessed: 18 February 2015).</othercit>
<onlink>http://services2.arcgis.com/S8zZg9pg23JUEexQ/arcgis/rest/services/Coastal_Wetlands_Designated_for_Preservation/FeatureServer</onlink>
<lworkcit>
<citeinfo>
<pubdate>19930101</pubdate>
<title>Rhode Island Geographic Information System (RIGIS) Data Distribution System</title>
</citeinfo>
</lworkcit>
</citeinfo>
</citation>
<descript>
<abstract>Vector polygon representation of coastal wetlands designated for preservation adjacent to Type 3 (High Intensity Boating), 4 (Multi-Purpose Water), 5 (Commercial and Recreational Harbor), and 6 (Industrial Waterfronts and Commercial Navigation Channels) waters. These wetlands are important coastal habitat that recieve a higher level of protection in the RI Coastal Resources Management Program, as amended (Redbook). Applies only to wetlands designated for preservation adjacent to Type 3, 4, 5, and 6 waters. All wetlands adjacent to Type 1 and 2 waters are designated for preservation. Dredging and filling in these designated coastal wetlands are prohibited. The maps of designated coastal wetlands serve to identify individual wetlands; in all cases precise boundaries shall be determined through a field inspection when proposals that could impact these features are being considered. In support of this goal, the Council supports a policy of &amp;quot;no net loss&amp;quot; of coastal wetland acreage and functions as a result of coastal development. For more information on activities allowed in wetlands see Section 210.3 in the Coastal Resources Management Plan http://www.crmc.ri.gov/regulations/RICRMP.pdf. 
Coastal wetlands include salt marshes and freshwater or brackish wetlands contiguous to salt marshes or physiographical features. Areas of open water within coastal wetlands are considered a part of the wetland. In addition, coastal wetlands also include freshwater and/or brackish wetlands that are directly associated with non-tidal coastal ponds and freshwater or brackish wetlands that occur on a barrier beach or are separated from tidal waters by a barrier beach. Coastal wetlands designated for preservation adjacent to Type 3 (High Intensity Boating), 4 (Multi-Purpose Water), 5 (Commercial and Recreational Harbor), and 6 (Industrial Waterfronts and Commercial Navigation Channels) waters are identified on RI CRMP Water Use Categories Maps. In these designated wetlands only the alterations described below may be permitted. Dredging and filling in these designated coastal wetlands are prohibited. The maps of designated coastal wetlands serve to identify individual wetlands; in all cases precise boundaries shall be determined through a field inspection when proposals that could impact these features are being considered. In support of this goal, the Council supports a policy of &amp;quot;no net loss&amp;quot; of coastal wetland acreage and functions as a result of coastal development. Alterations to coastal wetlands designated for preservation adjacent to Type 3, 4, 5, and 6 waters are prohibited except for minor disturbances associated with (a) residential docks and walkways approved pursuant to the standards set forth in Section 300.3 of the RI CRMP, and, (b) approved repair of structural shoreline protection facilities; or, (c) Council-approved restoration activities.</abstract>
<purpose>Vector polygon representation of coastal wetlands designated for preservation.</purpose>
<supplinf>Coastal wetlands include salt marshes and freshwater or brackish wetlands contiguous to salt marshes or physiographical features. Areas of open water within coastal wetlands are considered a part of the wetland. In addition, coastal wetlands also include freshwater and/or brackish wetlands that are directly associated with non-tidal coastal ponds and freshwater or brackish wetlands that occur on a barrier beach or are separated from tidal waters by a barrier beach. Coastal wetlands designated for preservation adjacent to Type 3 (High Intensity Boating), 4 (Multi-Purpose Water), 5 (Commercial and Recreational Harbor), and 6 (Industrial Waterfronts and Commercial Navigation Channels) waters are identified on RI CRMP Water Use Categories Maps. In these designated wetlands only the alterations described below may be permitted. Dredging and filling in these designated coastal wetlands are prohibited. The maps of designated coastal wetlands serve to identify individual wetlands; in all cases precise boundaries shall be determined through a field inspection when proposals that could impact these features are being considered. In support of this goal, the Council supports a policy of "no net loss" of coastal wetland acreage and functions as a result of coastal development. Alterations to coastal wetlands designated for preservation adjacent to Type 3, 4, 5, and 6 waters are prohibited except for minor disturbances associated with (a) residential docks and walkways approved pursuant to the standards set forth in Section 300.3 of the RI CRMP, and, (b) approved repair of structural shoreline protection facilities; or, (c) Council-approved restoration activities.</supplinf>
</descript>
<timeperd>
<timeinfo>
<sngdate>
<caldate>20110701</caldate>
</sngdate>
</timeinfo>
<current>ground condition</current>
</timeperd>
<status>
<progress>Complete</progress>
<update>As needed</update>
</status>
<spdom>
<bounding>
<westbc>-180</westbc>
<eastbc>180</eastbc>
<northbc>90</northbc>
<southbc>-90</southbc>
</bounding>
</spdom>
<keywords>
<theme>
<themekt>None</themekt>
<themekey>freshwater wetland</themekey>
<themekey>Spartina</themekey>
<themekey>saltmarsh</themekey>
<themekey>brackish marsh</themekey>
</theme>
<theme>
<themekt>ISO 19115 Topic Category</themekt>
<themekey>oceans</themekey>
</theme>
<place>
<placekt>None</placekt>
<placekey>Little Narragansett Bay</placekey>
<placekey>Greenwich Bay</placekey>
<placekey>Rhode Island</placekey>
<placekey>Narragansett Bay</placekey>
</place>
</keywords>
<accconst>None</accconst>
<useconst>These data are shared under the RIGIS license agreement, which can be viewed below: This
 dataset is provided as is.’ The producer(s) of this dataset, 
contributors to this dataset, the Rhode Island Geographic Information 
System (RIGIS) consortium, the State of Rhode Island, and the University
 of Rhode Island do not make any warranties of any kind for this 
dataset, and are not liable for any loss or damage however and whenever 
caused by any use of this dataset.Please acknowledge both RIGIS 
and the primary producer(s) of this dataset in any derived products.  
Versions of the RIGIS logo suitable for both printed and web-based 
products are available at http://www.rigis.org/logos.Additional Use Constraints from Originator:While every attempt has been made to ensure the accuracy of this data, 
users are cautioned that use of this data or derived products does not 
relieve them of the responsibility to consult with CRMC Staff on matters
 covered by RI General Law and CRMC Regulatory Authority.
Please consider the source, spatial accuracy, attribute accuracy, 
currentness, and scale of these data before incorporating them into your
 project.</useconst>
<ptcontac>
<cntinfo>
<cntorgp>
<cntorg>RI Coastal Resources Management Council</cntorg>
<cntper>Janet Freedman</cntper>
</cntorgp>
<cntaddr>
<addrtype>mailing and physical</addrtype>
<address>4808 Tower Hill Road</address>
<city>Wakefield</city>
<state>RI</state>
<postal>02879</postal>
</cntaddr>
<cntvoice>401-783-3370</cntvoice>
<cntfax>401-783-3767</cntfax>
<cntemail>cstaff1@crmc.ri.gov.</cntemail>
<hours>8:30-4:00 M-F</hours>
</cntinfo>
</ptcontac>
<datacred>URI EDC, RIGIS; RI Coastal Resources Management Council</datacred>
<native>Microsoft Windows 7 Version 6.1 (Build 7601) Service Pack 1; Esri ArcGIS 10.4.1.5686</native>
</idinfo>
<dataqual>
<attracc>
<attraccr>None.</attraccr>
</attracc>
<logic>All wetlands mapped as coastal wetlands designated for preservation adjacent to Type 3, 4, 5, and 6 waters on the RI CRMP Water Use Categoies Maps are included. Precise boundaries shall be determined through a field inspection.</logic>
<complete>None.</complete>
<lineage>
<procstep>
<procdesc>A geodatabase topology was constructed to eliminate gaps and/or overlaps.</procdesc>
<proccont>
<cntinfo>
<cntorgp>
<cntorg>RI Coastal Resources Management Council</cntorg>
<cntper>Janet Freedman</cntper>
</cntorgp>
<cntaddr>
<addrtype>mailing and physical</addrtype>
<address>4808 Tower Hill Road</address>
<city>Wakefield</city>
<state>RI</state>
<postal>02879</postal>
</cntaddr>
<cntvoice>401-783-3370</cntvoice>
<cntfax>401-783-3767</cntfax>
<cntemail>cstaff1@crmc.ri.gov.</cntemail>
<hours>8:30-4:00 M-F</hours>
</cntinfo>
</proccont>
</procstep>
<procstep>
<procdesc>All features originally digitized based on USGS topographic map features and photo interpretation. New features as of 2010 were digitized from recent aerial photography.</procdesc>
<procdate>20100317</procdate>
<proccont>
<cntinfo>
<cntorgp>
<cntorg>RI Coastal Resources Management Council</cntorg>
<cntper>Janet Freedman</cntper>
</cntorgp>
<cntaddr>
<addrtype>mailing and physical</addrtype>
<address>4808 Tower Hill Road</address>
<city>Wakefield</city>
<state>RI</state>
<postal>02879</postal>
</cntaddr>
<cntvoice>401-783-3370</cntvoice>
<cntfax>401-783-3767</cntfax>
<cntemail>cstaff1@crmc.ri.gov.</cntemail>
<hours>8:30-4:00 M-F</hours>
</cntinfo>
</proccont>
</procstep>
<procstep>
<procdesc>Data contributed to RIGIS by the Coastal Resources Management Council. Metadata reviewed, with minor corrections and updates made to formatting and content.</procdesc>
<procdate>20141119</procdate>
<proccont>
<cntinfo>
<cntorgp>
<cntorg>Environmental Data Center at the University of Rhode Island</cntorg>
<cntper>Erica Tefft</cntper>
</cntorgp>
<cntpos>Research Associate</cntpos>
<cntaddr>
<addrtype>mailing and physical</addrtype>
<address>1 Greenhouse Road</address>
<city>Kingston</city>
<state>RI</state>
<postal>02881</postal>
</cntaddr>
<cntvoice>401-874-5054</cntvoice>
<cntemail>erica_tefft@mail.uri.edu</cntemail>
<cntinst>Email preferred.</cntinst>
</cntinfo>
</proccont>
</procstep>
</lineage>
</dataqual>
<spdoinfo>
<direct>Vector</direct>
<ptvctinf>
<sdtsterm>
<sdtstype>GT-polygon composed of chains</sdtstype>
<ptvctcnt>19</ptvctcnt>
</sdtsterm>
</ptvctinf>
</spdoinfo>
<eainfo>
<detailed>
<enttyp>
<enttypl>HYDRO_Coastal_Wetlands_Preservation</enttypl>
<enttypd>Coastal wetlands designated for preservation adjacent to Type 3, 4, 5, and 6 waters.</enttypd>
</enttyp>
<attr>
<attrlabl>OBJECTID</attrlabl>
<attrdef>Internal feature number.</attrdef>
<attrdefs>Esri</attrdefs>
<attrdomv>
					<udom>Sequential unique whole numbers that are automatically generated.</udom>
				</attrdomv>
</attr>
<attr>
<attrlabl>Shape</attrlabl>
<attrdef>Feature geometry.</attrdef>
<attrdefs>ESRI</attrdefs>
<attrdomv>
					<udom>Coordinates defining the features.</udom>
				</attrdomv>
</attr>
<attr>
<attrlabl>Shape_Leng</attrlabl>
</attr>
<attr>
<attrlabl>Shape_Length</attrlabl>
<attrdef>Length of feature in internal units.</attrdef>
<attrdefs>Esri</attrdefs>
<attrdomv>
					<udom>Positive real numbers that are automatically generated.</udom>
				</attrdomv>
</attr>
<attr>
<attrlabl>Shape_Area</attrlabl>
<attrdef>Area of feature in internal units squared.</attrdef>
<attrdefs>Esri</attrdefs>
<attrdomv>
					<udom>Positive real numbers that are automatically generated.</udom>
				</attrdomv>
</attr>
</detailed>
</eainfo>
<distinfo>
<distrib>
<cntinfo>
<cntorgp>
<cntorg>University of Rhode Island Environmental Data Center</cntorg>
<cntper>Greg Bonynge</cntper>
</cntorgp>
<cntaddr>
<addrtype>mailing and physical</addrtype>
<address>1 Greenhouse Road</address>
<city>Kingston</city>
<state>RI</state>
<postal>02881</postal>
</cntaddr>
<cntvoice>401-874-2180</cntvoice>
<cntemail>greg@edc.uri.edu</cntemail>
<cntinst>email preferred</cntinst>
</cntinfo>
</distrib>
<distliab>See access and use constraints information.</distliab>
<stdorder>
<digform>
<digtinfo>
<formname>Esri shapefile</formname>
<filedec>ZIP</filedec>
</digtinfo>
<digtopt>
<onlinopt>
<computer>
<networka>
<networkr>http://www.rigis.org</networkr>
</networka>
</computer>
</onlinopt>
</digtopt>
</digform>
<fees>No fee for downloading directly from the RIGIS Data Distribution System located at http://www.rigis.org.</fees>
</stdorder>
</distinfo>
<metainfo>
<metd>20161115</metd>
<metrd>20150218</metrd>
<metc>
<cntinfo>
<cntorgp>
<cntorg>RI Coastal Resources Management Council</cntorg>
<cntper>Janet Freedman</cntper>
</cntorgp>
<cntpos>coastal geologist</cntpos>
<cntaddr>
<addrtype>mailing and physical</addrtype>
<address>4808 Tower Hill Road</address>
<city>Wakefield</city>
<state>RI</state>
<postal>02879</postal>
</cntaddr>
<cntvoice>401-783-3370</cntvoice>
<cntfax>401-783-3767</cntfax>
<cntemail>jfreedman@crmc.ri.gov</cntemail>
<hours>8:30-4:00 M-F</hours>
</cntinfo>
</metc>
<metstdn>FGDC Content Standard for Digital Geospatial Metadata</metstdn>
<metstdv>FGDC-STD-001-1998</metstdv>
<mettc>local time</mettc>
</metainfo>
</metadata>
